{"cameraMode":{"drawMode":0,"name":"Shaded","section":"Shading Mode"},"sceneLighting":false,"audioPlay":false,"sceneViewState":{"m_AlwaysRefresh":false,"showFog":true,"showSkybox":true,"showFlares":true,"showImageEffects":true,"showParticleSystems":true,"showVisualEffectGraphs":true,"m_FxEnabled":true},"in2DMode":false,"pivot":{"x":0.006454110145568848,"y":0.6777724027633667,"z":1.072631597518921},"rotation":{"x":-0.06665507704019547,"y":0.9210482239723206,"z":-0.3379237949848175,"w":-0.18229876458644868},"size":1.572591781616211,"orthographic":false}