{"cameraMode":{"drawMode":0,"name":"Shaded","section":"Shading Mode"},"sceneLighting":false,"audioPlay":false,"sceneViewState":{"m_AlwaysRefresh":false,"showFog":true,"showSkybox":true,"showFlares":true,"showImageEffects":true,"showParticleSystems":true,"showVisualEffectGraphs":true,"m_FxEnabled":true},"in2DMode":false,"pivot":{"x":1.5846649408340455,"y":15.381104469299317,"z":3.225874423980713},"rotation":{"x":0.057418644428253177,"y":0.7160564064979553,"z":0.05911463871598244,"w":-0.6932751536369324},"size":0.8125903606414795,"orthographic":false}