{"cameraMode":{"drawMode":0,"name":"Shaded","section":"Shading Mode"},"sceneLighting":false,"audioPlay":false,"sceneViewState":{"m_AlwaysRefresh":false,"showFog":true,"showSkybox":true,"showFlares":true,"showImageEffects":true,"showParticleSystems":true,"showVisualEffectGraphs":true,"m_FxEnabled":true},"in2DMode":false,"pivot":{"x":1.9567562341690064,"y":15.392361640930176,"z":2.8733596801757814},"rotation":{"x":0.1377926468849182,"y":0.7164819836616516,"z":-0.14772935211658479,"w":0.6678125262260437},"size":0.6239846348762512,"orthographic":false}