{"cameraMode":{"drawMode":0,"name":"Shaded","section":"Shading Mode"},"sceneLighting":false,"audioPlay":false,"sceneViewState":{"m_AlwaysRefresh":false,"showFog":true,"showSkybox":true,"showFlares":true,"showImageEffects":true,"showParticleSystems":true,"showVisualEffectGraphs":true,"m_FxEnabled":true},"in2DMode":false,"pivot":{"x":13.961402893066407,"y":9.407029151916504,"z":2.9083385467529299},"rotation":{"x":0.11576337367296219,"y":0.6766729354858398,"z":0.10889288038015366,"w":-0.7190128564834595},"size":1.567135214805603,"orthographic":false}